{
  "ACC": 0.5207373271889401,
  "ACC_MC": 0.5158904030820539,
  "ADJ": 0.8709677419354839,
  "ADJ_MC": 0.8592956126732219,
  "RMSE": 0.9672041535377502,
  "RMSE_MC": 0.990949273109436,
  "PCC": 0.6291971802711487
}