{
  "ACC": 0.6175115207373272,
  "ACC_MC": 0.5508427106776693,
  "ADJ": 0.8847926267281107,
  "ADJ_MC": 0.8347561890472619,
  "RMSE": 0.9233279824256897,
  "RMSE_MC": 1.1022199392318726,
  "PCC": 0.6679695844650269
}