{
  "ACC": 0.5622119815668203,
  "ACC_MC": 0.5729982495623906,
  "ADJ": 0.8433179723502304,
  "ADJ_MC": 0.8286796699174795,
  "RMSE": 0.9766867756843567,
  "RMSE_MC": 1.0202758312225342,
  "PCC": 0.6575754880905151
}