{
  "ACC": 0.6036866359447005,
  "ACC_MC": 0.6087496874218555,
  "ADJ": 0.8847926267281107,
  "ADJ_MC": 0.8836009002250563,
  "RMSE": 0.8877040147781372,
  "RMSE_MC": 0.9167593121528625,
  "PCC": 0.7216867208480835
}