{
  "ACC": 0.6129032258064516,
  "ACC_MC": 0.5402825706426606,
  "ADJ": 0.880184331797235,
  "ADJ_MC": 0.833788447111778,
  "RMSE": 0.9031435251235962,
  "RMSE_MC": 1.0527830123901367,
  "PCC": 0.6686863899230957
}