{
  "ACC": 0.5806451612903226,
  "ACC_MC": 0.4893348337084271,
  "ADJ": 0.8755760368663594,
  "ADJ_MC": 0.8180895223805951,
  "RMSE": 0.9158109426498413,
  "RMSE_MC": 1.06707763671875,
  "PCC": 0.6421173810958862
}