{
  "ACC": 0.6129032258064516,
  "ACC_MC": 0.5874368592148038,
  "ADJ": 0.9032258064516129,
  "ADJ_MC": 0.8704026006501625,
  "RMSE": 0.8824974894523621,
  "RMSE_MC": 1.001805067062378,
  "PCC": 0.7031859159469604
}