{
  "ACC": 0.17050691244239632,
  "ADJ": 0.6175115207373272,
  "RMSE": 1.524001524002286,
  "PCC": 0.5474870159962794
}