{
  "ACC": 0.2764976958525346,
  "ADJ": 0.631336405529954,
  "RMSE": 1.4934573132646876,
  "PCC": 0.4812229994042054
}