{
  "ACC": 0.576036866359447,
  "ADJ": 0.9308755760368663,
  "RMSE": 0.8089362382888794,
  "PCC": 0.7084875702857971
}