{
  "ACC": 0.405,
  "ADJ": 0.67,
  "RMSE": 1.4422205101855958,
  "PCC": 0.4576825071136804,
  "samples_completed": 200
}