{
  "ACC": 0.60076923076923078,
  "ADJ": 0.902307692307692,
  "RMSE": 1.2011212710181716,
  "PCC": 0.26317258655839676,
  "samples_completed": 2600
}