{
  "ACC": 0.8703703703703703,
  "ACC_MC": 0.8435791090629801,
  "ADJ": 0.9768518518518519,
  "ADJ_MC": 0.9692473118279569,
  "RMSE": 0.4714045226573944,
  "RMSE_MC": 0.5300348997116089,
  "PCC": 0.9186083674430847
}