{
  "ACC": 0.8194444444444444,
  "ACC_MC": 0.8380030721966205,
  "ADJ": 0.9629629629629629,
  "ADJ_MC": 0.9420430107526883,
  "RMSE": 0.5610836148262024,
  "RMSE_MC": 0.6211826801300049,
  "PCC": 0.87868332862854
}