{
  "ACC": 0.7870370370370371,
  "ACC_MC": 0.8143932411674347,
  "ADJ": 0.9444444444444444,
  "ADJ_MC": 0.9446697388632874,
  "RMSE": 0.6526300311088562,
  "RMSE_MC": 0.6450687646865845,
  "PCC": 0.850567638874054
}