{
  "ACC": 0.8518518518518519,
  "ACC_MC": 0.8237327188940092,
  "ADJ": 0.9675925925925926,
  "ADJ_MC": 0.9570967741935483,
  "RMSE": 0.5181877017021179,
  "RMSE_MC": 0.5807194113731384,
  "PCC": 0.8961737155914307
}