{
  "ACC": 0.8657407407407407,
  "ACC_MC": 0.8376651305683562,
  "ADJ": 0.9675925925925926,
  "ADJ_MC": 0.9527956989247311,
  "RMSE": 0.527046263217926,
  "RMSE_MC": 0.6070122718811035,
  "PCC": 0.8880579471588135
}