{
  "ACC": 0.8703703703703703,
  "ACC_MC": 0.838325652841782,
  "ADJ": 0.9583333333333334,
  "ADJ_MC": 0.930184331797235,
  "RMSE": 0.527046263217926,
  "RMSE_MC": 0.6351215839385986,
  "PCC": 0.8884193301200867
}